File,ML algorithm,accuracy,Precision,Recall,F1-score,Time
Bot,Naive Bayes,0.7250965250965251,0.7605172901664617,0.8025853520328659,0.720780762447429,0.010000944137573242
Bot,Naive Bayes,0.6903474903474903,0.748989898989899,0.775039470674544,0.6887073347204664,0.00698542594909668
Bot,Naive Bayes,0.728957528957529,0.7579310344827586,0.8094462540716613,0.7226031347319586,0.007997989654541016
Bot,Naive Bayes,0.715057915057915,0.7622422680412371,0.7922297297297297,0.7129105108439207,0.010016441345214844
Bot,Naive Bayes,0.7328185328185328,0.7715203626138085,0.8017021462556606,0.7305432073819627,0.016000032424926758
Bot,QDA,0.7714285714285715,0.7807245413962203,0.8328162629267601,0.7640503661244971,0.01202392578125
Bot,QDA,0.7397683397683398,0.7667661597602482,0.8073956607363024,0.735313721910649,0.00996088981628418
Bot,QDA,0.7683397683397684,0.774598127539304,0.8339575095658636,0.7589950372208437,0.008016586303710938
Bot,QDA,0.7598455598455598,0.7796393613028036,0.8215601965601965,0.7551143877783688,0.008998394012451172
Bot,QDA,0.7799227799227799,0.788948093113983,0.8301445404041232,0.7745452879461217,0.009999990463256836
Bot,Random Forest,0.976061776061776,0.9650447749721358,0.9799546677999718,0.9720236299104993,0.39744138717651367
Bot,Random Forest,0.9737451737451738,0.9613137180304678,0.9802967413680563,0.9699352135603592,0.4015841484069824
Bot,Random Forest,0.976061776061776,0.9637677907244198,0.9799944259610862,0.9713750731755664,0.42145705223083496
Bot,Random Forest,0.972972972972973,0.960778841041999,0.9796273546273546,0.9692986823326364,0.6139392852783203
Bot,Random Forest,0.9737451737451738,0.9641927809375116,0.9774899897849374,0.9703712376922538,0.43707776069641113
Bot,ID3,0.9768339768339769,0.9661815962792335,0.980507153987817,0.9729074963597717,0.020017385482788086
Bot,ID3,0.9745173745173745,0.9627974190079311,0.9801684268077011,0.9707640745993273,0.018999099731445312
Bot,ID3,0.9783783783783784,0.9667658228559229,0.9824171006868841,0.974125874125874,0.01882338523864746
Bot,ID3,0.972972972972973,0.9611619059797638,0.9789619164619164,0.9692612875332733,0.014974117279052734
Bot,ID3,0.9745173745173745,0.9661089809998825,0.9768003364961789,0.9711573700056895,0.017023801803588867
Bot,AdaBoost,0.9737451737451738,0.9612082840042991,0.9790267743306418,0.9694205531664277,0.5665035247802734
Bot,AdaBoost,0.9714285714285714,0.9581335241533253,0.978618889019063,0.9673439149544627,0.4437856674194336
Bot,AdaBoost,0.976061776061776,0.9632381735588973,0.9807884361917701,0.9714177087034127,0.3495774269104004
Bot,AdaBoost,0.9683397683397683,0.9545680225218801,0.9762489762489763,0.9641652172797961,0.34128904342651367
Bot,AdaBoost,0.9737451737451738,0.9637925370128976,0.978119554470319,0.9704059685441591,0.5018670558929443
Bot,Nearest Neighbors,0.9706563706563707,0.9568125926287845,0.9768168295792605,0.9659148209922036,0.05800032615661621
Bot,Nearest Neighbors,0.9606177606177606,0.9453548644338118,0.9673509180069959,0.9550991937638562,0.043810129165649414
Bot,Nearest Neighbors,0.972972972972973,0.9596158364661654,0.9770288630702503,0.9677296711167562,0.04846525192260742
Bot,Nearest Neighbors,0.9698841698841699,0.9566196631414023,0.9773751023751024,0.9658724404330326,0.04999876022338867
Bot,Nearest Neighbors,0.9660231660231661,0.9563937206957802,0.9673882761672211,0.9615660648183123,0.045000314712524414
Bot,XGBoost,0.9768339768339769,0.9661815962792335,0.980507153987817,0.9729074963597717,0.2542729377746582
Bot,XGBoost,0.9737451737451738,0.9621373622528357,0.9789215440146837,0.9698589813800658,0.19846796989440918
Bot,XGBoost,0.9752895752895753,0.9636754424018434,0.9778635173346804,0.9703851079399928,0.20614361763000488
Bot,XGBoost,0.972972972972973,0.9615565357627281,0.9782964782964783,0.9692236343475784,0.21459102630615234
Bot,XGBoost,0.9745173745173745,0.9661089809998825,0.9768003364961789,0.9711573700056895,0.21499967575073242
Bot,Ensemble,0.9776061776061776,0.9673239312569497,0.9810596401756623,0.9737925413244624,1.2551100254058838
Bot,Ensemble,0.9737451737451738,0.9613137180304678,0.9802967413680563,0.9699352135603592,0.9139354228973389
Bot,Ensemble,0.9776061776061776,0.9655840294412996,0.9818742125218461,0.9732218426481105,0.9408707618713379
Bot,Ensemble,0.972972972972973,0.960778841041999,0.9796273546273546,0.9692986823326364,1.0776500701904297
Bot,Ensemble,0.9752895752895753,0.9663277308240904,0.9786289419489465,0.9720811909150685,0.9090917110443115
DDoS,Naive Bayes,0.748119630699034,0.7039167441463037,0.7157829948679144,0.7087764526876683,0.31200289726257324
DDoS,Naive Bayes,0.7480483370762485,0.7041942138895669,0.7146516451879343,0.7085880134474909,0.3334367275238037
DDoS,Naive Bayes,0.7469789327344669,0.7016665492817877,0.7133610149904492,0.7064741266570103,0.5387144088745117
DDoS,Naive Bayes,0.7503297330053826,0.7042442967965197,0.7156181675047271,0.70899243120171,0.2805917263031006
DDoS,Naive Bayes,0.7526467757459095,0.7080148281128846,0.7203308776042798,0.7130757468479879,0.31800246238708496
DDoS,QDA,0.8620824867215627,0.8416871523565412,0.9000783994616978,0.8515873018727175,0.3211061954498291
DDoS,QDA,0.866003635974762,0.8452861878112603,0.9023197490812147,0.8557124411556993,0.28667306900024414
DDoS,QDA,0.8647916443874095,0.8433243224962272,0.9023979652369125,0.8540209995601782,0.33658266067504883
DDoS,QDA,0.8638291804798061,0.8418622623190102,0.9018373861095847,0.8527373664698278,0.26400017738342285
DDoS,QDA,0.8636152996114498,0.8422486156993348,0.901528050836357,0.8527909255679118,0.4478604793548584
DDoS,Random Forest,0.9653156525148825,0.9486959822017687,0.9740137514847877,0.9598602746095559,12.876374959945679
DDoS,Random Forest,0.9660642355541297,0.9500695955180947,0.974300498595129,0.9608038510608169,13.169593334197998
DDoS,Random Forest,0.9659929419313442,0.9493005465398384,0.9746787103471515,0.9605173531455482,12.190990447998047
DDoS,Random Forest,0.9652443588920971,0.9481572295403365,0.9738809414400482,0.9595266609843014,11.75093412399292
DDoS,Random Forest,0.9644601290414573,0.9472355015432121,0.9734571622121437,0.9587618670059332,13.54136037826538
DDoS,ID3,0.9646740099098136,0.9478591376352901,0.9734876085614852,0.9591351003811572,0.8697347640991211
DDoS,ID3,0.9659216483085588,0.9501772119016498,0.9735930748628525,0.9606010693818071,0.8107049465179443
DDoS,ID3,0.9656721206288098,0.9490638912103504,0.9740369967197173,0.960126425689473,1.0643160343170166
DDoS,ID3,0.9648522439667772,0.9476872240601782,0.9734629495494616,0.9590738694201218,0.7732763290405273
DDoS,ID3,0.9642106013617082,0.9471084414893804,0.9728309801753646,0.9584480320315831,0.8137679100036621
DDoS,AdaBoost,0.9602538052971161,0.9421152569684434,0.969957625414917,0.9541630902132842,10.716546535491943
DDoS,AdaBoost,0.9608598010907924,0.9433781469213687,0.969936808960032,0.9549387139355303,8.504716157913208
DDoS,AdaBoost,0.9621430863009304,0.9444045567313961,0.9712481823034587,0.9561392562184374,10.894904851913452
DDoS,AdaBoost,0.9624639076034649,0.9445813376225307,0.9714525766839676,0.9563594324500108,9.917752504348755
DDoS,AdaBoost,0.9607528606566142,0.9427067874397649,0.9697828684102636,0.9545216000958195,10.419596195220947
DDoS,Nearest Neighbors,0.9662424696110933,0.9509527828962125,0.9727350869654521,0.9607646574486132,3.8645517826080322
DDoS,Nearest Neighbors,0.9660642355541297,0.9511089614086727,0.9722825728967285,0.9606606123205335,3.813166618347168
DDoS,Nearest Neighbors,0.9667058781591986,0.9508913813831117,0.9739812014775944,0.9612370810745365,4.310668230056763
DDoS,Nearest Neighbors,0.9663494100452714,0.9502844514495228,0.9734807072553487,0.9606915010027648,4.454416990280151
DDoS,Nearest Neighbors,0.9647809503439917,0.9488041877862377,0.9714083298661773,0.9589549585129467,3.8460497856140137
DDoS,XGBoost,0.9664563504794497,0.9504019633137177,0.9745217190791118,0.9611211169707341,5.926685810089111
DDoS,XGBoost,0.9668484654047695,0.951360700711589,0.974424534485635,0.9616539902194643,5.573850631713867
DDoS,XGBoost,0.9670266994617331,0.9508219577542065,0.9752083231957853,0.9616690210084038,5.883977890014648
DDoS,XGBoost,0.9666702313478059,0.9503159138322175,0.9745103951159664,0.9611116474144286,7.733738422393799
DDoS,XGBoost,0.9653512993262753,0.9488541278035852,0.9732635019257532,0.9597051518595968,4.238402366638184
DDoS,Ensemble,0.9657434142515952,0.9493601646669161,0.9741489234924923,0.9603287422370183,22.8504855632782
DDoS,Ensemble,0.9663494100452714,0.9505078879077681,0.9744036943557215,0.961116797750952,22.068963766098022
DDoS,Ensemble,0.9661711759883078,0.9495611645335343,0.9747712103476072,0.9607158059271672,22.35175085067749
DDoS,Ensemble,0.9659572951199515,0.949275711559431,0.9741085180539115,0.9603122231358727,23.294124841690063
DDoS,Ensemble,0.9651730652693117,0.9482714290579176,0.9738266855620333,0.959554240010431,23.973576068878174
DoS GoldenEye,Naive Bayes,0.916958552247519,0.8911784194096822,0.9276018272549731,0.9053790873014573,0.06799912452697754
DoS GoldenEye,Naive Bayes,0.9162288382953883,0.8911354800810328,0.9295841347554934,0.9055706626779383,0.05809807777404785
DoS GoldenEye,Naive Bayes,0.9105370694687682,0.8855933693883833,0.9239718763782991,0.8997138283370663,0.05999922752380371
DoS GoldenEye,Naive Bayes,0.9133099824868651,0.8891730926710215,0.9248783229341805,0.9027068892072958,0.05499839782714844
DoS GoldenEye,Naive Bayes,0.9138937536485697,0.889403548999749,0.9277249082567516,0.9035490646071532,0.05701398849487305
DoS GoldenEye,QDA,0.9575306479859895,0.9457646351845361,0.9537792275917336,0.9496348719428,0.05599713325500488
DoS GoldenEye,QDA,0.9619089316987741,0.9507680802311979,0.9600648909094442,0.9552272290005119,0.060921669006347656
DoS GoldenEye,QDA,0.957092819614711,0.9450613377434586,0.9551000453142187,0.9498497949468009,0.057073354721069336
DoS GoldenEye,QDA,0.9576765907764156,0.9470293276006259,0.9542750843901067,0.9505321106618104,0.06099367141723633
DoS GoldenEye,QDA,0.960887332165791,0.949352804370251,0.9598884556596763,0.9543674533080078,0.05789899826049805
DoS GoldenEye,Random Forest,0.99620548744892,0.9950444727198666,0.9958839353578731,0.9954629357977605,1.9607832431793213
DoS GoldenEye,Random Forest,0.9946001167542323,0.9924647359391712,0.9947579705076646,0.9936014424289703,2.3244545459747314
DoS GoldenEye,Random Forest,0.9964973730297724,0.9953306096227834,0.9964010498717273,0.9958636489172412,1.9193453788757324
DoS GoldenEye,Random Forest,0.9957676590776415,0.9944278631879413,0.9956148668748137,0.9950186329969563,1.8235762119293213
DoS GoldenEye,Random Forest,0.9956217162872154,0.9932855735076886,0.9964483564268957,0.9948475479782617,1.8879010677337646
DoS GoldenEye,ID3,0.99620548744892,0.9949073859789843,0.9960255522063017,0.9954642161606826,0.10298490524291992
DoS GoldenEye,ID3,0.9944541739638062,0.9924871768921568,0.9943779021196402,0.9934258120350239,0.10199975967407227
DoS GoldenEye,ID3,0.9947460595446584,0.9928772220112252,0.9947370440766641,0.9938004864066706,0.10311555862426758
DoS GoldenEye,ID3,0.9954757734967893,0.994084731333567,0.99527091124248,0.9946750904450223,0.0959479808807373
DoS GoldenEye,ID3,0.9950379451255108,0.9922274146783835,0.9961635007316527,0.9941652104404284,0.09498381614685059
DoS GoldenEye,AdaBoost,0.9843841214244017,0.9765465341286466,0.9869062530108874,0.9815162385120315,1.4794652462005615
DoS GoldenEye,AdaBoost,0.9871570344424986,0.9810994962096227,0.9888808746672884,0.984870000277018,1.4418914318084717
DoS GoldenEye,AdaBoost,0.986573263280794,0.9806649210250422,0.9880554378522893,0.9842492519204207,1.5098707675933838
DoS GoldenEye,AdaBoost,0.9821949795680094,0.9758931103727269,0.9826320476895589,0.9791677299478461,1.4679021835327148
DoS GoldenEye,AdaBoost,0.987594862813777,0.9811738584977063,0.9901391849988875,0.9854913766708602,1.3531262874603271
DoS GoldenEye,Nearest Neighbors,0.9948920023350847,0.9927329952881212,0.9950909727670494,0.9939018658098732,0.4407973289489746
DoS GoldenEye,Nearest Neighbors,0.993286631640397,0.989960652353957,0.9942315818616307,0.9920612628151396,0.34011220932006836
DoS GoldenEye,Nearest Neighbors,0.9948920023350847,0.9929849559255003,0.9949773131780577,0.9939735055885798,0.27899646759033203
DoS GoldenEye,Nearest Neighbors,0.9946001167542323,0.9924218450326046,0.994908181616204,0.9936529021954748,0.2985391616821289
DoS GoldenEye,Nearest Neighbors,0.9943082311733801,0.9914344147551267,0.9952346015983301,0.9933062644520505,0.2887399196624756
DoS GoldenEye,XGBoost,0.9960595446584939,0.9948015538355839,0.9957800931979561,0.9952890983460432,0.9828848838806152
DoS GoldenEye,XGBoost,0.9946001167542323,0.9925946786411903,0.9946201501816556,0.9935996926931542,0.7878103256225586
DoS GoldenEye,XGBoost,0.9957676590776415,0.9942745071259862,0.9957415814410526,0.9950039301923022,0.8361828327178955
DoS GoldenEye,XGBoost,0.9960595446584939,0.9947709950423156,0.9959588225071474,0.9953621755488904,0.7864186763763428
DoS GoldenEye,XGBoost,0.9963514302393461,0.9943312546916971,0.9971076887299741,0.9957045732353087,1.0130877494812012
DoS GoldenEye,Ensemble,0.9960595446584939,0.9948015538355839,0.9957800931979561,0.9952890983460432,4.623712778091431
DoS GoldenEye,Ensemble,0.9950379451255108,0.993177876797362,0.9950712537156845,0.994117831820811,4.388529062271118
DoS GoldenEye,Ensemble,0.99620548744892,0.9949862847964308,0.9960559809380134,0.995518952993678,4.30068039894104
DoS GoldenEye,Ensemble,0.99620548744892,0.9948781168435791,0.9961977140503868,0.9955345415811601,4.279255390167236
DoS GoldenEye,Ensemble,0.9959136018680678,0.993754019858501,0.9966581759820783,0.9951897633542885,4.144866228103638
DoS Hulk,Naive Bayes,0.40149698776851456,0.6219669803417619,0.5723843425290984,0.3891252602237776,6.915560960769653
DoS Hulk,Naive Bayes,0.39953751597395487,0.6228441700568563,0.5726653694889514,0.38724847169318155,6.243118524551392
DoS Hulk,Naive Bayes,0.4019838130590884,0.6245617989613758,0.5733120184097712,0.3893377246244156,6.168495178222656
DoS Hulk,Naive Bayes,0.4002981804904765,0.6223682165602931,0.5725364843435694,0.3880063983875417,6.053916931152344
DoS Hulk,Naive Bayes,0.4012840017038885,0.6228975532658526,0.5729470367086017,0.3889887534395411,5.963517427444458
DoS Hulk,QDA,0.8092070833079779,0.7979641263277448,0.8667734570703578,0.7969239199578431,6.216169834136963
DoS Hulk,QDA,0.8091644860950526,0.7970720329450416,0.8670430532787292,0.7964569779148153,5.958679676055908
DoS Hulk,QDA,0.8084159922107953,0.7976119795168914,0.8661677266640206,0.796238527208995,6.575246334075928
DoS Hulk,QDA,0.8090123531917484,0.7972970136059456,0.8668356687360892,0.7964690898845745,6.107452869415283
DoS Hulk,QDA,0.8093348749467535,0.7977518868765846,0.8669789728943895,0.7969009290018045,6.105579853057861
DoS Hulk,Random Forest,0.964522606949431,0.9514652649894846,0.9624316577136007,0.956725977688905,77.65060424804688
DoS Hulk,Random Forest,0.964206170510558,0.9508027686110334,0.9619900714624369,0.9561679965888699,78.86774730682373
DoS Hulk,Random Forest,0.9644069859429197,0.9513110766035912,0.9623881917479704,0.9566218123402561,77.8888087272644
DoS Hulk,Random Forest,0.9644982656849024,0.951525829772341,0.9619865879996096,0.956556163385308,77.34419894218445
DoS Hulk,Random Forest,0.9645043510010345,0.951673346301159,0.9619226946164168,0.9566052914394039,78.36316657066345
DoS Hulk,ID3,0.9625387938903426,0.9474354332535959,0.9624656621003337,0.954522233563194,7.299951553344727
DoS Hulk,ID3,0.9625996470516643,0.9476959272458236,0.9617440674697524,0.9543533661319753,7.786586046218872
DoS Hulk,ID3,0.9627456946388365,0.9479593556498767,0.9623749897762534,0.9547734103108956,7.241743087768555
DoS Hulk,ID3,0.9634515913101686,0.9497054829352574,0.9614968454575626,0.9553446007145432,7.252749443054199
DoS Hulk,ID3,0.9627030974259113,0.9479279969102133,0.9620322152103936,0.9546067525467286,7.366012811660767
DoS Hulk,AdaBoost,0.9467595691596179,0.9239992547748068,0.9524279032903535,0.9364786071405294,53.72493314743042
DoS Hulk,AdaBoost,0.9599525345341691,0.9439762846487136,0.959314827770585,0.9512016336717202,54.34132266044617
DoS Hulk,AdaBoost,0.9462666585529118,0.9232029960214727,0.952568161703395,0.9360161569202947,55.053284883499146
DoS Hulk,AdaBoost,0.9464857299336701,0.9234078507224914,0.9521078922701197,0.9360052823588125,54.94746804237366
DoS Hulk,AdaBoost,0.933791760481957,0.9068440231540157,0.9427743592271643,0.9217828003552744,54.14741086959839
DoS Hulk,Nearest Neighbors,0.9630986429745025,0.9500065800694288,0.9602998560840057,0.9549566955846077,45.413408279418945
DoS Hulk,Nearest Neighbors,0.9610965739670175,0.946417875560372,0.9590670322628998,0.9524451981493609,45.69208240509033
DoS Hulk,Nearest Neighbors,0.9529909328789631,0.9450503321174621,0.9382201128817436,0.9415509781344058,46.124019145965576
DoS Hulk,Nearest Neighbors,0.9632872877745999,0.9505400099276582,0.9598034441626166,0.9550148926976691,45.74939227104187
DoS Hulk,Nearest Neighbors,0.9633177143552607,0.9510094263747029,0.9593658570612756,0.9550599334328123,45.51968550682068
DoS Hulk,XGBoost,0.9626057323677965,0.947133604847416,0.9631544664346605,0.9546554649889001,18.26224708557129
DoS Hulk,XGBoost,0.9629282541228017,0.9479660785642043,0.9623440595085124,0.9547709819438707,17.324687719345093
DoS Hulk,XGBoost,0.9636584920586625,0.9494865311268306,0.9628343856032031,0.9558255585221818,17.645447254180908
DoS Hulk,XGBoost,0.9630621310777094,0.9483834564060403,0.9622965151651852,0.9549791225966118,17.227325916290283
DoS Hulk,XGBoost,0.9639627578652711,0.9502058980948017,0.9624345950724134,0.9560430943179581,17.604338884353638
DoS Hulk,Ensemble,0.9645956307430171,0.951548751707539,0.962528379002043,0.9568155936588814,138.04204964637756
DoS Hulk,Ensemble,0.964169658613765,0.9507448499170619,0.9619647145640926,0.9561249653410933,139.13878440856934
DoS Hulk,Ensemble,0.9646564839043388,0.951804638086674,0.9624181713891421,0.9569028493720904,136.71868991851807
DoS Hulk,Ensemble,0.9635915535812085,0.9496130846347842,0.9620566645928413,0.9555485333322435,139.7015700340271
DoS Hulk,Ensemble,0.964413071259052,0.9514684892965899,0.9619447685317428,0.9565050158989477,138.09732747077942
DoS Slowhttptest,Naive Bayes,0.895225102319236,0.8726010121007253,0.8825659290158371,0.8772946226419043,0.0878908634185791
DoS Slowhttptest,Naive Bayes,0.9020463847203274,0.8823770420952546,0.8885751669995179,0.8853671790142049,0.08699750900268555
DoS Slowhttptest,Naive Bayes,0.8965893587994543,0.8730697459366897,0.8838679397799472,0.8781414521891833,0.09509110450744629
DoS Slowhttptest,Naive Bayes,0.8933151432469304,0.867262315051297,0.8824949279005273,0.8742201489488188,0.07191038131713867
DoS Slowhttptest,Naive Bayes,0.8946793997271487,0.8696291845493562,0.8841667124626109,0.8762913120156814,0.08208489418029785
DoS Slowhttptest,QDA,0.9206002728512961,0.9020004781086188,0.9125600961538463,0.906989600510909,0.07399582862854004
DoS Slowhttptest,QDA,0.9206002728512961,0.9033945023020172,0.9114719849788273,0.9072605732546385,0.08201479911804199
DoS Slowhttptest,QDA,0.9189631650750341,0.8989506439623131,0.9108863435169576,0.904554354182302,0.0719902515411377
DoS Slowhttptest,QDA,0.9197817189631651,0.8973837097667887,0.9155815469526885,0.9056360709098717,0.08400702476501465
DoS Slowhttptest,QDA,0.922237380627558,0.900912108120751,0.9183873451888922,0.9088627362564674,0.06998825073242188
DoS Slowhttptest,Random Forest,0.9964529331514325,0.9946708334887504,0.9969465851244343,0.9957989858137186,0.9195427894592285
DoS Slowhttptest,Random Forest,0.9953615279672579,0.9939183302105743,0.9951556788268644,0.9945340493066389,0.748037576675415
DoS Slowhttptest,Random Forest,0.9967257844474762,0.9963456202339602,0.9958206830342486,0.996082657878329,0.7689216136932373
DoS Slowhttptest,Random Forest,0.9961800818553889,0.996478670340158,0.9943181369958111,0.9953903247669378,0.8880083560943604
DoS Slowhttptest,Random Forest,0.9948158253751705,0.992390279312246,0.9952508416342942,0.9938057210461825,0.7502706050872803
DoS Slowhttptest,ID3,0.9931787175989086,0.9910431231982686,0.9928026018099547,0.9919170014329293,0.08219408988952637
DoS Slowhttptest,ID3,0.9901773533424284,0.9858839448141437,0.9911758691493953,0.9884737795519922,0.09009408950805664
DoS Slowhttptest,ID3,0.9942701227830832,0.9920122275385432,0.9943364762338182,0.9931644686656632,0.09288740158081055
DoS Slowhttptest,ID3,0.9934515688949522,0.9939979345711453,0.9902210137314229,0.9920847290342505,0.10207462310791016
DoS Slowhttptest,ID3,0.9907230559345157,0.9864366215984286,0.9915435112618769,0.9889416264124474,0.09315204620361328
DoS Slowhttptest,AdaBoost,0.9937244201909959,0.9916886115079734,0.9934504029977376,0.992563641318295,0.9056146144866943
DoS Slowhttptest,AdaBoost,0.9926330150068213,0.9900013488316183,0.9926905649664315,0.9913317697144095,0.7550373077392578
DoS Slowhttptest,AdaBoost,0.9937244201909959,0.9918614843459213,0.9931558410018538,0.9925056062368435,0.7657144069671631
DoS Slowhttptest,AdaBoost,0.9918144611186903,0.9901435606747883,0.9901435606747883,0.9901435606747883,0.7853810787200928
DoS Slowhttptest,AdaBoost,0.9918144611186903,0.9879683964932127,0.9925853392551652,0.9902375104062189,0.6842532157897949
DoS Slowhttptest,Nearest Neighbors,0.9959072305593452,0.9937833165300609,0.9965559601244344,0.9951551450772969,0.23565196990966797
DoS Slowhttptest,Nearest Neighbors,0.9937244201909959,0.9905890067222873,0.9947324704966347,0.9926269342434842,0.28999876976013184
DoS Slowhttptest,Nearest Neighbors,0.9953615279672579,0.9938139822646774,0.995113477010819,0.9944606654794061,0.34643983840942383
DoS Slowhttptest,Nearest Neighbors,0.9950886766712141,0.9943512802951003,0.9938155885751003,0.9940829325836408,0.23331379890441895
DoS Slowhttptest,Nearest Neighbors,0.9942701227830832,0.9914930001772106,0.9948629440392593,0.993157292651031,0.23411798477172852
DoS Slowhttptest,XGBoost,0.9959072305593452,0.9940259988866267,0.9962987839366516,0.9951526759389062,0.40256547927856445
DoS Slowhttptest,XGBoost,0.9950886766712141,0.9930007978111586,0.9954622369573131,0.9942197413051661,0.3927643299102783
DoS Slowhttptest,XGBoost,0.9967257844474762,0.9963456202339602,0.9958206830342486,0.996082657878329,0.42433810234069824
DoS Slowhttptest,XGBoost,0.9961800818553889,0.9962060599432456,0.9945886848255836,0.9953928346951603,0.584578275680542
DoS Slowhttptest,XGBoost,0.9937244201909959,0.9910899727024309,0.9939429808377874,0.992501662319063,0.39345836639404297
DoS Slowhttptest,Ensemble,0.9961800818553889,0.9942266772179724,0.9967512726244344,0.9954769838331482,2.032895565032959
DoS Slowhttptest,Ensemble,0.9950886766712141,0.9930007978111586,0.9954622369573131,0.9942197413051661,1.9331004619598389
DoS Slowhttptest,Ensemble,0.9967257844474762,0.9963456202339602,0.9958206830342486,0.996082657878329,1.9993655681610107
DoS Slowhttptest,Ensemble,0.9964529331514325,0.9966719147180847,0.9947819588882043,0.995720753309085,1.9612691402435303
DoS Slowhttptest,Ensemble,0.9939972714870395,0.9915391594748635,0.9941369296353049,0.9928257873749518,1.8871307373046875
DoS slowloris,Naive Bayes,0.7286445012787723,0.753858078653519,0.7979095923482804,0.7229409607544163,0.034987449645996094
DoS slowloris,Naive Bayes,0.7222506393861893,0.7493778250401859,0.7977169292299336,0.7157791164658635,0.03699922561645508
DoS slowloris,Naive Bayes,0.7145780051150895,0.7434630053394355,0.7957350509407104,0.7072649618520538,0.03501248359680176
DoS slowloris,Naive Bayes,0.7296675191815857,0.7511896769399018,0.8018883244351789,0.7222968633072333,0.03198647499084473
DoS slowloris,Naive Bayes,0.7335038363171356,0.7551333635561222,0.8027643910290454,0.726900326548976,0.04189896583557129
DoS slowloris,QDA,0.7332480818414322,0.7561561051854578,0.8012026768707832,0.7272675412775578,0.029106855392456055
DoS slowloris,QDA,0.7255754475703324,0.7509678348454429,0.8000643470703093,0.7188895755305825,0.04499626159667969
DoS slowloris,QDA,0.7179028132992328,0.7449943522221304,0.798053994929294,0.7103594581549326,0.03200173377990723
DoS slowloris,QDA,0.7319693094629156,0.75232838164127,0.8035111156360444,0.7244476148668422,0.033930063247680664
DoS slowloris,QDA,0.7398976982097186,0.7583733217003539,0.8073114990683324,0.7328971437679795,0.03381824493408203
DoS slowloris,Random Forest,0.9647058823529412,0.9496675977080868,0.9703995441348868,0.9590420027836681,0.7365758419036865
DoS slowloris,Random Forest,0.9593350383631714,0.941191757368228,0.9658788027836676,0.9521960012392177,0.9074954986572266
DoS slowloris,Random Forest,0.9601023017902813,0.9400207407972937,0.9680733089885305,0.952433090024331,0.8000071048736572
DoS slowloris,Random Forest,0.957544757033248,0.9380738783366738,0.9656579765745896,0.9501722850858323,0.8700613975524902
DoS slowloris,Random Forest,0.9618925831202046,0.9443309360357415,0.9701626681881659,0.955708632608661,0.7845673561096191
DoS slowloris,ID3,0.9616368286445013,0.9452032748399861,0.9686878738449878,0.9556362599937551,0.04999947547912598
DoS slowloris,ID3,0.9601023017902813,0.9427799832628726,0.965389948626793,0.9529773314288674,0.04501819610595703
DoS slowloris,ID3,0.9601023017902813,0.9401494731869167,0.9678000181119661,0.9524097684653625,0.04398655891418457
DoS slowloris,ID3,0.9570332480818414,0.9376052839909206,0.964778469098776,0.9495486350911947,0.05000662803649902
DoS slowloris,ID3,0.9611253196930947,0.9429564708336616,0.9703633519228196,0.9549067375549667,0.047901153564453125
DoS slowloris,AdaBoost,0.9547314578005115,0.9356443434166812,0.9647156858447727,0.9480415874512405,0.7469656467437744
DoS slowloris,AdaBoost,0.9552429667519181,0.9343326521896096,0.9660813710325504,0.9478637232014394,0.8779406547546387
DoS slowloris,AdaBoost,0.9578005115089514,0.9364479786742184,0.9672877588568964,0.9498720869925001,0.7739450931549072
DoS slowloris,AdaBoost,0.9493606138107417,0.9267532046738625,0.9611852703272319,0.9411299329858526,0.8750836849212646
DoS slowloris,AdaBoost,0.9534526854219949,0.9324761104397807,0.9661507167746224,0.9464720216609215,0.7714383602142334
DoS slowloris,Nearest Neighbors,0.9677749360613811,0.9636179047292865,0.9595345102387789,0.9615428569287491,0.14071869850158691
DoS slowloris,Nearest Neighbors,0.9662404092071611,0.9578957103907392,0.9607061908971526,0.959285754179103,0.14881658554077148
DoS slowloris,Nearest Neighbors,0.9636828644501279,0.95248734959116,0.9588191255916603,0.9555795570916539,0.14295053482055664
DoS slowloris,Nearest Neighbors,0.9639386189258312,0.9551321190774751,0.957712436895418,0.9564094809438248,0.15732264518737793
DoS slowloris,Nearest Neighbors,0.9672634271099744,0.9599704016161142,0.9617920728514855,0.9608746296426589,0.14478516578674316
DoS slowloris,XGBoost,0.9631713554987212,0.9504518894108469,0.964222795680473,0.9569146005509642,0.675896167755127
DoS slowloris,XGBoost,0.9634271099744246,0.9481049564454213,0.9667068005009766,0.9566809384895358,0.44514942169189453
DoS slowloris,XGBoost,0.9641943734015346,0.94704548227775,0.9687410668850416,0.9569711459855668,0.4510002136230469
DoS slowloris,XGBoost,0.9572890025575448,0.9401129816785156,0.9605482379560919,0.9494347701410447,0.45638394355773926
DoS slowloris,XGBoost,0.9631713554987212,0.9469468098533491,0.9693306374974973,0.9570122998694427,0.4457528591156006
DoS slowloris,Ensemble,0.9654731457800512,0.9514167222337738,0.9697390930758802,0.959816568363105,2.116004705429077
DoS slowloris,Ensemble,0.9611253196930947,0.9438245824017351,0.9668851555138602,0.954204520061336,2.224215030670166
DoS slowloris,Ensemble,0.9616368286445013,0.9423266066203018,0.9688702999528509,0.9541725842505588,2.1921749114990234
DoS slowloris,Ensemble,0.9570332480818414,0.9384432574467121,0.9629623638674352,0.9493839432256872,2.1234450340270996
DoS slowloris,Ensemble,0.9639386189258312,0.9473755304994014,0.9711201849611588,0.9579742027420934,2.190091609954834
FTP-Patator,Naive Bayes,0.9958816922500936,0.9965274777277122,0.993459957168777,0.9949780807007613,0.17412281036376953
FTP-Patator,Naive Bayes,0.9970048670909771,0.9976944863843973,0.9951202565293171,0.9963957988994772,0.08997917175292969
FTP-Patator,Naive Bayes,0.9964432796705354,0.9961810297724215,0.9952635253712755,0.9957208035317263,0.10407567024230957
FTP-Patator,Naive Bayes,0.9964432796705354,0.9965465633432318,0.9948759568886778,0.9957064408252341,0.09101390838623047
FTP-Patator,Naive Bayes,0.9958816922500936,0.9965210984872002,0.9938055511785029,0.9951490862249469,0.08099746704101562
FTP-Patator,QDA,0.9943841257955822,0.9960794563512807,0.9902975420439845,0.9931332536140612,0.0888967514038086
FTP-Patator,QDA,0.9953201048296518,0.9966992342223395,0.9920886075949367,0.9943569107139048,0.10210251808166504
FTP-Patator,QDA,0.994945713216024,0.9956771693693373,0.9921719782397136,0.9939031882908954,0.1065821647644043
FTP-Patator,QDA,0.9958816922500936,0.9967174282433828,0.993361472621628,0.9950201019674844,0.09701251983642578
FTP-Patator,QDA,0.9941969299887683,0.9956683785815499,0.9907241335535086,0.9931493109907593,0.10798406600952148
FTP-Patator,Random Forest,0.9994384125795582,0.9996051592524349,0.9990297542043984,0.99931690760244,0.7115869522094727
FTP-Patator,Random Forest,0.9985024335454886,0.9987534632577688,0.9976519020989374,0.9982005606826552,0.8889594078063965
FTP-Patator,Random Forest,0.9990640209659304,0.9987832226368254,0.9989671816493284,0.9988751431181395,0.7101016044616699
FTP-Patator,Random Forest,0.9986896293523025,0.9986993541247267,0.9981415873443813,0.9984199349998932,0.9119710922241211
FTP-Patator,Random Forest,0.9986896293523025,0.9988848784169463,0.9980367478131065,0.9984594239652971,0.8414878845214844
FTP-Patator,ID3,0.9994384125795582,0.9996051592524349,0.9990297542043984,0.99931690760244,0.10035872459411621
FTP-Patator,ID3,0.9985024335454886,0.9989389920424403,0.9974683544303797,0.9981998970214394,0.08901238441467285
FTP-Patator,ID3,0.9990640209659304,0.9987832226368254,0.9989671816493284,0.9988751431181395,0.09700274467468262
FTP-Patator,ID3,0.9986896293523025,0.9986993541247267,0.9981415873443813,0.9984199349998932,0.09099316596984863
FTP-Patator,ID3,0.9985024335454886,0.9987500299045776,0.9977320555522899,0.998239041975543,0.09505200386047363
FTP-Patator,AdaBoost,0.9994384125795582,0.9996051592524349,0.9990297542043984,0.99931690760244,1.1112658977508545
FTP-Patator,AdaBoost,0.9985024335454886,0.9987534632577688,0.9976519020989374,0.9982005606826552,0.9259040355682373
FTP-Patator,AdaBoost,0.9996256083863722,0.9997346072186837,0.9993654822335025,0.9995498080658685,1.0863864421844482
FTP-Patator,AdaBoost,0.9990640209659304,0.9993382742191637,0.9984066284257489,0.9988709607946102,0.9580328464508057
FTP-Patator,AdaBoost,0.9990640209659304,0.9993254182406908,0.9984765386959171,0.9988995885466407,0.9643046855926514
FTP-Patator,Nearest Neighbors,0.9992512167727443,0.9992812210953679,0.9988980366069273,0.9990893849939443,0.40556955337524414
FTP-Patator,Nearest Neighbors,0.9983152377386747,0.9984359580483817,0.9975189940712925,0.9979760036153918,0.35948681831359863
FTP-Patator,Nearest Neighbors,0.9992512167727443,0.9990999485107197,0.9990999485107197,0.9990999485107197,0.35735630989074707
FTP-Patator,Nearest Neighbors,0.9986896293523025,0.9986993541247267,0.9981415873443813,0.9984199349998932,0.3666987419128418
FTP-Patator,Nearest Neighbors,0.9988768251591165,0.9990197993927538,0.998341440073923,0.9986797308450167,0.34328675270080566
FTP-Patator,XGBoost,0.9994384125795582,0.9996051592524349,0.9990297542043984,0.99931690760244,0.46816301345825195
FTP-Patator,XGBoost,0.9985024335454886,0.9987534632577688,0.9976519020989374,0.9982005606826552,0.2875354290008545
FTP-Patator,XGBoost,0.9992512167727443,0.9990999485107197,0.9990999485107197,0.9990999485107197,0.2902181148529053
FTP-Patator,XGBoost,0.9988768251591165,0.9990186102024952,0.9982741078850651,0.998645405866865,0.3161923885345459
FTP-Patator,XGBoost,0.9988768251591165,0.9990197993927538,0.998341440073923,0.9986797308450167,0.32564520835876465
FTP-Patator,Ensemble,0.9994384125795582,0.9996051592524349,0.9990297542043984,0.99931690760244,2.0750770568847656
FTP-Patator,Ensemble,0.9985024335454886,0.9987534632577688,0.9976519020989374,0.9982005606826552,2.0332000255584717
FTP-Patator,Ensemble,0.9990640209659304,0.9987832226368254,0.9989671816493284,0.9988751431181395,1.966153621673584
FTP-Patator,Ensemble,0.9988768251591165,0.9990186102024952,0.9982741078850651,0.998645405866865,2.007483720779419
FTP-Patator,Ensemble,0.9988768251591165,0.9990197993927538,0.998341440073923,0.9986797308450167,2.014103412628174
Heartbleed,Naive Bayes,1.0,1.0,1.0,1.0,0.006990909576416016
Heartbleed,Naive Bayes,0.875,0.9166666666666667,0.8333333333333333,0.8545454545454545,0.0049419403076171875
Heartbleed,Naive Bayes,1.0,1.0,1.0,1.0,0.006002187728881836
Heartbleed,Naive Bayes,1.0,1.0,1.0,1.0,0.003055572509765625
Heartbleed,Naive Bayes,1.0,1.0,1.0,1.0,0.0029795169830322266
Heartbleed,QDA,1.0,1.0,1.0,1.0,0.0029954910278320312
Heartbleed,QDA,0.875,0.9166666666666667,0.8333333333333333,0.8545454545454545,0.0019791126251220703
Heartbleed,QDA,1.0,1.0,1.0,1.0,0.0030052661895751953
Heartbleed,QDA,1.0,1.0,1.0,1.0,0.0019915103912353516
Heartbleed,QDA,1.0,1.0,1.0,1.0,0.003033161163330078
Heartbleed,Random Forest,1.0,1.0,1.0,1.0,0.05902242660522461
Heartbleed,Random Forest,1.0,1.0,1.0,1.0,0.06298613548278809
Heartbleed,Random Forest,1.0,1.0,1.0,1.0,0.08202600479125977
Heartbleed,Random Forest,1.0,1.0,1.0,1.0,0.0739285945892334
Heartbleed,Random Forest,1.0,1.0,1.0,1.0,0.06096339225769043
Heartbleed,ID3,1.0,1.0,1.0,1.0,0.004002571105957031
Heartbleed,ID3,1.0,1.0,1.0,1.0,0.0031290054321289062
Heartbleed,ID3,1.0,1.0,1.0,1.0,0.0030057430267333984
Heartbleed,ID3,1.0,1.0,1.0,1.0,0.0029964447021484375
Heartbleed,ID3,1.0,1.0,1.0,1.0,0.0020012855529785156
Heartbleed,AdaBoost,1.0,1.0,1.0,1.0,0.0029222965240478516
Heartbleed,AdaBoost,1.0,1.0,1.0,1.0,0.0029985904693603516
Heartbleed,AdaBoost,1.0,1.0,1.0,1.0,0.0020177364349365234
Heartbleed,AdaBoost,1.0,1.0,1.0,1.0,0.003000974655151367
Heartbleed,AdaBoost,1.0,1.0,1.0,1.0,0.0020606517791748047
Heartbleed,Nearest Neighbors,1.0,1.0,1.0,1.0,0.0029876232147216797
Heartbleed,Nearest Neighbors,1.0,1.0,1.0,1.0,0.003010272979736328
Heartbleed,Nearest Neighbors,1.0,1.0,1.0,1.0,0.003985404968261719
Heartbleed,Nearest Neighbors,1.0,1.0,1.0,1.0,0.0029969215393066406
Heartbleed,Nearest Neighbors,1.0,1.0,1.0,1.0,0.004012346267700195
Heartbleed,XGBoost,1.0,1.0,1.0,1.0,0.06426191329956055
Heartbleed,XGBoost,1.0,1.0,1.0,1.0,0.06800150871276855
Heartbleed,XGBoost,1.0,1.0,1.0,1.0,0.05499863624572754
Heartbleed,XGBoost,1.0,1.0,1.0,1.0,0.06315827369689941
Heartbleed,XGBoost,1.0,1.0,1.0,1.0,0.06200146675109863
Heartbleed,Ensemble,1.0,1.0,1.0,1.0,0.21933817863464355
Heartbleed,Ensemble,1.0,1.0,1.0,1.0,0.17299747467041016
Heartbleed,Ensemble,1.0,1.0,1.0,1.0,0.11390137672424316
Heartbleed,Ensemble,1.0,1.0,1.0,1.0,0.11124157905578613
Heartbleed,Ensemble,1.0,1.0,1.0,1.0,0.11499834060668945
Infiltration,Naive Bayes,0.8461538461538461,0.849624060150376,0.803921568627451,0.8194444444444444,0.00400543212890625
Infiltration,Naive Bayes,0.9230769230769231,0.7291666666666667,0.7291666666666667,0.7291666666666667,0.0020151138305664062
Infiltration,Naive Bayes,1.0,1.0,1.0,1.0,0.003994464874267578
Infiltration,Naive Bayes,0.8076923076923077,0.76875,0.8233082706766917,0.7815126050420168,0.00497889518737793
Infiltration,Naive Bayes,0.9615384615384616,0.95,0.9705882352941176,0.9585326953748007,0.005002260208129883
Infiltration,QDA,0.8846153846153846,0.925,0.8333333333333333,0.8594594594594595,0.004010438919067383
Infiltration,QDA,0.9615384615384616,0.98,0.75,0.8231292517006803,0.002984285354614258
Infiltration,QDA,1.0,1.0,1.0,1.0,0.0030031204223632812
Infiltration,QDA,0.9230769230769231,0.9022556390977443,0.9022556390977443,0.9022556390977443,0.002002239227294922
Infiltration,QDA,0.9615384615384616,0.95,0.9705882352941176,0.9585326953748007,0.002004384994506836
Infiltration,Random Forest,0.8846153846153846,0.925,0.8333333333333333,0.8594594594594595,0.06701850891113281
Infiltration,Random Forest,0.8461538461538461,0.6022727272727273,0.6875,0.6231884057971014,0.06803417205810547
Infiltration,Random Forest,1.0,1.0,1.0,1.0,0.07219767570495605
Infiltration,Random Forest,0.9230769230769231,0.8888888888888888,0.9473684210526316,0.9097222222222223,0.0729975700378418
Infiltration,Random Forest,0.9615384615384616,0.95,0.9705882352941176,0.9585326953748007,0.07200431823730469
Infiltration,ID3,0.8846153846153846,0.925,0.8333333333333333,0.8594594594594595,0.003987312316894531
Infiltration,ID3,0.8846153846153846,0.644927536231884,0.7083333333333333,0.6680851063829787,0.0031104087829589844
Infiltration,ID3,0.9230769230769231,0.8333333333333333,0.9545454545454546,0.8761904761904762,0.0029897689819335938
Infiltration,ID3,0.8461538461538461,0.8181818181818181,0.8947368421052632,0.8300653594771241,0.002048492431640625
Infiltration,ID3,0.9615384615384616,0.95,0.9705882352941176,0.9585326953748007,0.002955198287963867
Infiltration,AdaBoost,0.8461538461538461,0.849624060150376,0.803921568627451,0.8194444444444444,0.08399295806884766
Infiltration,AdaBoost,0.6923076923076923,0.5347222222222222,0.6041666666666667,0.5047619047619049,0.07891225814819336
Infiltration,AdaBoost,0.9615384615384616,0.9,0.9772727272727273,0.9328165374677003,0.08357453346252441
Infiltration,AdaBoost,0.8846153846153846,0.85,0.9210526315789473,0.8689075630252101,0.08010339736938477
Infiltration,AdaBoost,0.9615384615384616,0.95,0.9705882352941176,0.9585326953748007,0.08701348304748535
Infiltration,Nearest Neighbors,0.8846153846153846,0.925,0.8333333333333333,0.8594594594594595,0.00400090217590332
Infiltration,Nearest Neighbors,0.8846153846153846,0.644927536231884,0.7083333333333333,0.6680851063829787,0.003996133804321289
Infiltration,Nearest Neighbors,1.0,1.0,1.0,1.0,0.0030095577239990234
Infiltration,Nearest Neighbors,0.9615384615384616,0.9375,0.9736842105263157,0.9531531531531532,0.004998922348022461
Infiltration,Nearest Neighbors,0.9615384615384616,0.95,0.9705882352941176,0.9585326953748007,0.003988742828369141
Infiltration,XGBoost,0.8846153846153846,0.925,0.8333333333333333,0.8594594594594595,0.21023893356323242
Infiltration,XGBoost,0.8461538461538461,0.6022727272727273,0.6875,0.6231884057971014,0.09854388236999512
Infiltration,XGBoost,1.0,1.0,1.0,1.0,0.03999924659729004
Infiltration,XGBoost,0.8846153846153846,0.85,0.9210526315789473,0.8689075630252101,0.03700089454650879
Infiltration,XGBoost,0.9615384615384616,0.95,0.9705882352941176,0.9585326953748007,0.03900003433227539
Infiltration,Ensemble,0.8846153846153846,0.925,0.8333333333333333,0.8594594594594595,0.2130124568939209
Infiltration,Ensemble,0.8461538461538461,0.6022727272727273,0.6875,0.6231884057971014,0.21000051498413086
Infiltration,Ensemble,1.0,1.0,1.0,1.0,0.24135470390319824
Infiltration,Ensemble,0.8846153846153846,0.85,0.9210526315789473,0.8689075630252101,0.2271280288696289
Infiltration,Ensemble,0.9615384615384616,0.95,0.9705882352941176,0.9585326953748007,0.23909592628479004
PortScan,Naive Bayes,0.8516150648833187,0.8295885898398467,0.8923736066132114,0.8393982424532971,4.3236610889434814
PortScan,Naive Bayes,0.8515516757373516,0.8284249197371563,0.892954433512336,0.8387614170610556,4.416471242904663
PortScan,Naive Bayes,0.8507095056552174,0.8280726388505398,0.8920167522892102,0.8380922821184911,3.647509813308716
PortScan,Naive Bayes,0.8527470139184453,0.8295293083652461,0.8938974601475185,0.8400260441060592,3.814189910888672
PortScan,Naive Bayes,0.8505102826250351,0.8277881705557182,0.8925822921853976,0.837797844753265,3.886202096939087
PortScan,QDA,0.8572657544666709,0.8340035974750613,0.8963578229868083,0.8449858486798851,4.3731689453125
PortScan,QDA,0.8575736446042254,0.8331418783750537,0.8971815403913963,0.844724021095633,4.517168283462524
PortScan,QDA,0.8571027538056126,0.8330674207971296,0.8965109912605005,0.8444166766990762,3.8561861515045166
PortScan,QDA,0.8590134837769065,0.8344610677803592,0.8982979841405487,0.8462369336038352,3.7286977767944336
PortScan,QDA,0.8561066386547012,0.8321348858686554,0.8965105412541865,0.8433321288180178,3.743649959564209
PortScan,Random Forest,0.9981436035823923,0.9971319433600665,0.9983789062192505,0.997752784854907,46.81288433074951
PortScan,Random Forest,0.9981254923978303,0.9971916380948258,0.9982432601954537,0.9977156205064881,47.61660408973694
PortScan,Random Forest,0.997917213775367,0.996779282637875,0.9981632283920804,0.9974680556866952,44.94145321846008
PortScan,Random Forest,0.9980168252904581,0.9969796188319743,0.9981953703331355,0.9975850424483848,46.85839486122131
PortScan,Random Forest,0.9980258808827391,0.9969924121262231,0.9982014673506401,0.997594520675412,47.318392276763916
PortScan,ID3,0.9980802144364253,0.9971313992877283,0.9982240315280684,0.9976756893447533,4.945113897323608
PortScan,ID3,0.997935324959929,0.9968549640631783,0.9981191541758225,0.9974844126517763,4.875158786773682
PortScan,ID3,0.9978357134448379,0.9965133377254309,0.9982363613614663,0.9973698816600061,4.326862096786499
PortScan,ID3,0.9979806029213341,0.9970268962094917,0.9980575760634715,0.9975404748091095,4.25714635848999
PortScan,ID3,0.9978900469985239,0.9968133935725458,0.9980498251887082,0.9974290781189669,4.496803045272827
PortScan,AdaBoost,0.9955537041900225,0.994044905856317,0.9951939209212818,0.9946171534727013,35.74268555641174
PortScan,AdaBoost,0.9943493104166478,0.9919218308702498,0.9943448298563595,0.9931234465849397,34.97056603431702
PortScan,AdaBoost,0.9941772541633086,0.9917669672877555,0.9941088036771274,0.9929285727920565,34.75821399688721
PortScan,AdaBoost,0.9949650906917566,0.9931468769480183,0.9946010534356999,0.9938704178081321,34.74726724624634
PortScan,AdaBoost,0.995218647275625,0.9932706412206036,0.9950956774927553,0.9941775822901993,33.892980098724365
PortScan,Nearest Neighbors,0.9975459344918455,0.9963647849285264,0.9977004121536792,0.9970295627544181,15.64737319946289
PortScan,Nearest Neighbors,0.9974825453458783,0.996376964807409,0.9974917349121624,0.99693229012222,14.962072134017944
PortScan,Nearest Neighbors,0.9974825453458783,0.9964145560987121,0.9974663961654429,0.9969386275293891,14.144463062286377
PortScan,Nearest Neighbors,0.9974553785690353,0.9961514833034526,0.9976606565891151,0.9969022799306198,14.565581798553467
PortScan,Nearest Neighbors,0.9976998795606227,0.996668766115153,0.9977286866278914,0.9971968663468171,14.746695041656494
PortScan,XGBoost,0.9980983256209872,0.997207118156614,0.9981908931372503,0.9976973640037776,11.98448920249939
PortScan,XGBoost,0.9980077696981771,0.9971446470691843,0.998001138400986,0.9975716802004719,12.414371252059937
PortScan,XGBoost,0.997935324959929,0.99690098415614,0.9980827992560946,0.9974895603177567,12.074456453323364
PortScan,XGBoost,0.9980168252904581,0.9970435392184863,0.9981298283328408,0.9975847270694567,12.096988201141357
PortScan,XGBoost,0.9980439920673012,0.9970876865877965,0.9981485011015924,0.9976162327988682,12.103989362716675
PortScan,Ensemble,0.9981073812132683,0.997123943810815,0.9982982763925908,0.9977087691511632,88.04003095626831
PortScan,Ensemble,0.9981254923978303,0.9972466801623981,0.9981869707993141,0.9977153641633012,87.68389987945557
PortScan,Ensemble,0.9980711588441442,0.9970523262679976,0.9982621305418213,0.9976547861080407,84.38323330879211
PortScan,Ensemble,0.9980439920673012,0.9970994478087166,0.9981395426060962,0.9976177018653364,86.76613664627075
PortScan,Ensemble,0.9980892700287062,0.9971107433848135,0.9982365793627348,0.997671564978551,86.660315990448
SSH-Patator,Naive Bayes,0.7129417747266718,0.6571625948675318,0.6497006829487648,0.6528799695246863,0.03522801399230957
SSH-Patator,Naive Bayes,0.7137045512331553,0.6619474847517086,0.6547882136279926,0.6578564735782282,0.033048152923583984
SSH-Patator,Naive Bayes,0.7208237986270023,0.6573714463259283,0.6558461538461539,0.6565881686076471,0.029001951217651367
SSH-Patator,Naive Bayes,0.7271802695143657,0.6700483154573722,0.6621340292609301,0.6655788486462435,0.03799700736999512
SSH-Patator,Naive Bayes,0.710653445207221,0.6580778910962852,0.6507674931279428,0.6538698182020658,0.03305530548095703
SSH-Patator,QDA,0.8459191456903128,0.8299031922687494,0.885999550321801,0.8360925430778372,0.03197193145751953
SSH-Patator,QDA,0.8423595219933893,0.8294409265902938,0.8828770105870506,0.8335872048743336,0.03198099136352539
SSH-Patator,QDA,0.8319349097381133,0.8129178345814333,0.8788376068376069,0.8190898029496488,0.022029638290405273
SSH-Patator,QDA,0.8324434274091025,0.8172031019902806,0.87715967114447,0.8215913872563438,0.02899026870727539
SSH-Patator,QDA,0.8395626748029494,0.8274186084600925,0.8808512278982845,0.8308626321107218,0.023999691009521484
SSH-Patator,Random Forest,0.9633867276887872,0.9474415143171326,0.9711046626008263,0.9579074670633689,1.007880687713623
SSH-Patator,Random Forest,0.9646580218662598,0.9496126439638743,0.9725906975478322,0.959745042436597,0.8195321559906006
SSH-Patator,Random Forest,0.9626239511823036,0.9432963453120228,0.9714273504273504,0.9557093678489406,0.8831398487091064
SSH-Patator,Random Forest,0.9633867276887872,0.9460912782113478,0.9717404881530595,0.9574131723559189,1.0309128761291504
SSH-Patator,Random Forest,0.9644037630307654,0.9499423741836344,0.9710484536737156,0.9593646293533469,0.9054956436157227
SSH-Patator,ID3,0.962369692346809,0.9458606050192052,0.9708446923920069,0.9568109023823883,0.04970288276672363
SSH-Patator,ID3,0.9646580218662598,0.9498316263557189,0.972138003610665,0.9597123866170019,0.042958974838256836
SSH-Patator,ID3,0.9621154335113146,0.9427109844243102,0.9708048433048433,0.9551067742142325,0.04399847984313965
SSH-Patator,ID3,0.9626239511823036,0.9450527746176209,0.9711981888038187,0.9565547899022129,0.05209827423095703
SSH-Patator,ID3,0.9641495041952708,0.950066463366956,0.9699589037367662,0.9590155810898449,0.13790321350097656
SSH-Patator,AdaBoost,0.9608441393338418,0.9440483141780173,0.969277844917231,0.9550787913380852,0.953906774520874
SSH-Patator,AdaBoost,0.962369692346809,0.9465995612337075,0.9709332389842964,0.9572162657042157,0.8520629405975342
SSH-Patator,AdaBoost,0.9605898804983474,0.9408319335028992,0.9692037037037037,0.9533212070489675,1.041640043258667
SSH-Patator,AdaBoost,0.9616069158403254,0.944016983389685,0.96973207531037,0.9553528664182525,0.8489370346069336
SSH-Patator,AdaBoost,0.9638952453597762,0.9498411236992799,0.9695483947055674,0.9587164142033879,0.9801630973815918
SSH-Patator,Nearest Neighbors,0.9595728451563692,0.9465074281041297,0.9603615693769146,0.9529874553675638,0.15999197959899902
SSH-Patator,Nearest Neighbors,0.9590643274853801,0.9476181124452923,0.9583535185840386,0.9527069169942024,0.13201189041137695
SSH-Patator,Nearest Neighbors,0.96186117467582,0.9443636391040906,0.9666310541310541,0.9544882971008901,0.13399815559387207
SSH-Patator,Nearest Neighbors,0.9616069158403254,0.9468638091688408,0.9642830588843225,0.9549071759018994,0.14724445343017578
SSH-Patator,Nearest Neighbors,0.9598271039918638,0.9479848873916321,0.9600377396148019,0.9536578592232952,0.13494634628295898
SSH-Patator,XGBoost,0.9646580218662598,0.9495149150015938,0.9713119361456957,0.9592741553693278,0.3773462772369385
SSH-Patator,XGBoost,0.9638952453597762,0.9489268773166748,0.9713591704542361,0.9588512241054613,0.40200376510620117
SSH-Patator,XGBoost,0.962369692346809,0.9431930965294878,0.9707165242165242,0.9553761660319038,0.36499714851379395
SSH-Patator,XGBoost,0.9636409865242818,0.9463204412706092,0.9721689371676268,0.957718277468941,0.6247391700744629
SSH-Patator,XGBoost,0.9649122807017544,0.9508611835165052,0.9709640838617787,0.9598958385672174,0.38900256156921387
SSH-Patator,Ensemble,0.9636409865242818,0.9480141334744161,0.970816587504567,0.9581555680863061,2.2191412448883057
SSH-Patator,Ensemble,0.9644037630307654,0.9493839614116076,0.9721801885166335,0.9594472296968064,2.3156516551971436
SSH-Patator,Ensemble,0.9628782100177982,0.9436521006301295,0.971605413105413,0.9560001851275173,2.261702060699463
SSH-Patator,Ensemble,0.9631324688532926,0.945744576800378,0.9715597217033125,0.9571269247062688,2.2256228923797607
SSH-Patator,Ensemble,0.9646580218662598,0.9504000969301034,0.9710062687677472,0.9596300974490739,2.3209121227264404
Web Attack - Brute Force,Naive Bayes,0.7289340101522843,0.7450647530925614,0.7898614325501118,0.7215879317189362,0.014998435974121094
Web Attack - Brute Force,Naive Bayes,0.6934010152284263,0.7227725877541462,0.772842509603073,0.6851982762999713,0.018006324768066406
Web Attack - Brute Force,Naive Bayes,0.7380710659898477,0.7465169959038055,0.7950270809859851,0.7289175904354728,0.03699374198913574
Web Attack - Brute Force,Naive Bayes,0.7055837563451777,0.7345016241377,0.7785143976454679,0.6992448745809539,0.02400040626525879
Web Attack - Brute Force,Naive Bayes,0.7421319796954314,0.7505511654982784,0.8067726868327403,0.731836617447823,0.022001266479492188
Web Attack - Brute Force,QDA,0.8395939086294416,0.8158201984821949,0.8660710783352292,0.8260339816677845,0.010999202728271484
Web Attack - Brute Force,QDA,0.833502538071066,0.8063411540900445,0.8711395646606914,0.8170969202898551,0.0071027278900146484
Web Attack - Brute Force,QDA,0.8619289340101522,0.8352131184029175,0.8870134811915633,0.8483242753623188,0.009016275405883789
Web Attack - Brute Force,QDA,0.8274111675126904,0.8063901429803915,0.8637095811955614,0.8139444444444445,0.010921716690063477
Web Attack - Brute Force,QDA,0.8365482233502538,0.8102045737201451,0.8706855588806212,0.8210354069685428,0.006060361862182617
Web Attack - Brute Force,Random Forest,0.9705583756345177,0.9614995178399228,0.969320009414349,0.9652818713393432,0.2736039161682129
Web Attack - Brute Force,Random Forest,0.9593908629441624,0.9389464802314369,0.9662612035851472,0.9511287521706773,0.2699606418609619
Web Attack - Brute Force,Random Forest,0.9685279187817258,0.9580151563543451,0.967725197177252,0.9626768525592055,0.2630808353424072
Web Attack - Brute Force,Random Forest,0.9685279187817258,0.952619155739721,0.9757064590542099,0.9630248539339449,0.28731465339660645
Web Attack - Brute Force,Random Forest,0.9583756345177665,0.941970802919708,0.959120228081527,0.9499571875902251,0.3097236156463623
Web Attack - Brute Force,ID3,0.9644670050761421,0.9511727078891258,0.96689287255325,0.9584813132791151,0.01598048210144043
Web Attack - Brute Force,ID3,0.9593908629441624,0.9394955624594717,0.9651472471190781,0.9510301077834784,0.010998964309692383
Web Attack - Brute Force,ID3,0.9675126903553299,0.9532805870124446,0.9719578366838642,0.9618671544573814,0.013902425765991211
Web Attack - Brute Force,ID3,0.9685279187817258,0.9531785432902693,0.9746947460525792,0.9629564928345349,0.0099945068359375
Web Attack - Brute Force,ID3,0.9583756345177665,0.941970802919708,0.959120228081527,0.9499571875902251,0.01013636589050293
Web Attack - Brute Force,AdaBoost,0.965482233502538,0.9503995578164377,0.9714725610952026,0.9599179448880719,0.2398991584777832
Web Attack - Brute Force,AdaBoost,0.9563451776649746,0.9327969196420125,0.9686043533930857,0.9480299734106841,0.40320587158203125
Web Attack - Brute Force,AdaBoost,0.9705583756345177,0.9553621019138261,0.9780856510308564,0.965598802431267,0.2562065124511719
Web Attack - Brute Force,AdaBoost,0.9614213197969543,0.9427618718023065,0.9706777234220261,0.9549630848903136,0.24582600593566895
Web Attack - Brute Force,AdaBoost,0.9563451776649746,0.9348580426767749,0.9662528307990942,0.9484248607879167,0.2893714904785156
Web Attack - Brute Force,Nearest Neighbors,0.9705583756345177,0.9587945002282063,0.973174008551367,0.965536545257339,0.03400158882141113
Web Attack - Brute Force,Nearest Neighbors,0.9563451776649746,0.9367639902676399,0.9596927016645327,0.9471965092722456,0.04290628433227539
Web Attack - Brute Force,Nearest Neighbors,0.9634517766497462,0.9531143552311435,0.9601543813872582,0.9565321853057701,0.032587528228759766
Web Attack - Brute Force,Nearest Neighbors,0.966497461928934,0.9520071684587814,0.9702228254384918,0.9604190792093314,0.04002046585083008
Web Attack - Brute Force,Nearest Neighbors,0.9624365482233502,0.9487999251799129,0.9608920050145584,0.9545644382110021,0.03296256065368652
Web Attack - Brute Force,XGBoost,0.9685279187817258,0.9598492107275244,0.9659416310359706,0.9628179228936143,0.15288925170898438
Web Attack - Brute Force,XGBoost,0.9624365482233502,0.945207998274036,0.9650320102432779,0.9543769692887965,0.14777326583862305
Web Attack - Brute Force,XGBoost,0.9675126903553299,0.9594349429255089,0.963040384273261,0.9612116916231037,0.14279818534851074
Web Attack - Brute Force,XGBoost,0.9634517766497462,0.9500241080038573,0.9640208010181761,0.9566155743481325,0.14554357528686523
Web Attack - Brute Force,XGBoost,0.9624365482233502,0.9474199661987242,0.9630302693303139,0.9547485749122474,0.14499831199645996
Web Attack - Brute Force,Ensemble,0.9675126903553299,0.9582946904706701,0.965215941631036,0.9616545012165449,0.8270025253295898
Web Attack - Brute Force,Ensemble,0.9614213197969543,0.9430584943007303,0.9654417413572343,0.9532886395175862,0.7092130184173584
Web Attack - Brute Force,Ensemble,0.9675126903553299,0.9579075425790755,0.9650220403645061,0.9613619424940179,0.6790013313293457
Web Attack - Brute Force,Ensemble,0.9644670050761421,0.9496535244922342,0.9677743308276657,0.9580202355250484,0.8329353332519531
Web Attack - Brute Force,Ensemble,0.9604060913705583,0.9450143118118852,0.9605406826269816,0.952302551934531,0.731299877166748
Web Attack - Sql Injection,Naive Bayes,0.9285714285714286,0.95,0.9,0.9181286549707603,0.0039119720458984375
Web Attack - Sql Injection,Naive Bayes,0.7857142857142857,0.8125,0.8333333333333333,0.7846153846153847,0.0030531883239746094
Web Attack - Sql Injection,Naive Bayes,0.8571428571428571,0.8888888888888888,0.8571428571428572,0.8541666666666667,0.003941535949707031
Web Attack - Sql Injection,Naive Bayes,0.8571428571428571,0.8571428571428572,0.8888888888888888,0.8541666666666667,0.0069577693939208984
Web Attack - Sql Injection,Naive Bayes,0.7142857142857143,0.75,0.8,0.7083333333333333,0.03999733924865723
Web Attack - Sql Injection,QDA,0.9285714285714286,0.95,0.9,0.9181286549707603,0.00800180435180664
Web Attack - Sql Injection,QDA,0.9285714285714286,0.9166666666666667,0.9444444444444444,0.9251336898395721,0.010997295379638672
Web Attack - Sql Injection,QDA,0.9285714285714286,0.9375,0.9285714285714286,0.9282051282051282,0.011007547378540039
Web Attack - Sql Injection,QDA,0.9285714285714286,0.9166666666666667,0.9444444444444444,0.9251336898395721,0.009994268417358398
Web Attack - Sql Injection,QDA,0.9285714285714286,0.9545454545454546,0.875,0.9047619047619047,0.009999275207519531
Web Attack - Sql Injection,Random Forest,0.5714285714285714,0.6222222222222222,0.6222222222222222,0.5714285714285714,0.13910222053527832
Web Attack - Sql Injection,Random Forest,1.0,1.0,1.0,1.0,0.07694768905639648
Web Attack - Sql Injection,Random Forest,1.0,1.0,1.0,1.0,0.06619524955749512
Web Attack - Sql Injection,Random Forest,0.9285714285714286,0.9166666666666667,0.9444444444444444,0.9251336898395721,0.07817316055297852
Web Attack - Sql Injection,Random Forest,1.0,1.0,1.0,1.0,0.06801199913024902
Web Attack - Sql Injection,ID3,0.6428571428571429,0.75,0.7222222222222222,0.641025641025641,0.002999544143676758
Web Attack - Sql Injection,ID3,1.0,1.0,1.0,1.0,0.0029969215393066406
Web Attack - Sql Injection,ID3,1.0,1.0,1.0,1.0,0.0019903182983398438
Web Attack - Sql Injection,ID3,0.9285714285714286,0.9166666666666667,0.9444444444444444,0.9251336898395721,0.001999378204345703
Web Attack - Sql Injection,ID3,0.9285714285714286,0.9,0.95,0.9181286549707603,0.003007650375366211
Web Attack - Sql Injection,AdaBoost,0.6428571428571429,0.75,0.7222222222222222,0.641025641025641,0.09693288803100586
Web Attack - Sql Injection,AdaBoost,1.0,1.0,1.0,1.0,0.08856511116027832
Web Attack - Sql Injection,AdaBoost,1.0,1.0,1.0,1.0,0.08199214935302734
Web Attack - Sql Injection,AdaBoost,0.9285714285714286,0.9166666666666667,0.9444444444444444,0.9251336898395721,0.09000849723815918
Web Attack - Sql Injection,AdaBoost,1.0,1.0,1.0,1.0,0.07199931144714355
Web Attack - Sql Injection,Nearest Neighbors,0.9285714285714286,0.95,0.9,0.9181286549707603,0.003999948501586914
Web Attack - Sql Injection,Nearest Neighbors,0.8571428571428571,0.8571428571428572,0.8888888888888888,0.8541666666666667,0.0030074119567871094
Web Attack - Sql Injection,Nearest Neighbors,1.0,1.0,1.0,1.0,0.0029900074005126953
Web Attack - Sql Injection,Nearest Neighbors,0.8571428571428571,0.8571428571428572,0.8888888888888888,0.8541666666666667,0.0030031204223632812
Web Attack - Sql Injection,Nearest Neighbors,0.8571428571428571,0.8333333333333333,0.9,0.8444444444444446,0.0029435157775878906
Web Attack - Sql Injection,XGBoost,0.6428571428571429,0.75,0.7222222222222222,0.641025641025641,0.04494976997375488
Web Attack - Sql Injection,XGBoost,1.0,1.0,1.0,1.0,0.04300045967102051
Web Attack - Sql Injection,XGBoost,1.0,1.0,1.0,1.0,0.03199934959411621
Web Attack - Sql Injection,XGBoost,0.9285714285714286,0.9166666666666667,0.9444444444444444,0.9251336898395721,0.03299999237060547
Web Attack - Sql Injection,XGBoost,0.9285714285714286,0.9545454545454546,0.875,0.9047619047619047,0.034003496170043945
Web Attack - Sql Injection,Ensemble,0.6428571428571429,0.75,0.7222222222222222,0.641025641025641,0.21799755096435547
Web Attack - Sql Injection,Ensemble,1.0,1.0,1.0,1.0,0.2197866439819336
Web Attack - Sql Injection,Ensemble,1.0,1.0,1.0,1.0,0.23299622535705566
Web Attack - Sql Injection,Ensemble,0.9285714285714286,0.9166666666666667,0.9444444444444444,0.9251336898395721,0.20299959182739258
Web Attack - Sql Injection,Ensemble,1.0,1.0,1.0,1.0,0.3733088970184326
Web Attack - XSS,Naive Bayes,0.9147982062780269,0.8888987724604163,0.9219262690600271,0.9022132982529023,0.005994081497192383
Web Attack - XSS,Naive Bayes,0.9372197309417041,0.9265473032714413,0.9346171171171171,0.9303575810301368,0.006010770797729492
Web Attack - XSS,Naive Bayes,0.9372197309417041,0.9252054794520548,0.9314306893995552,0.928210080941869,0.01195073127746582
Web Attack - XSS,Naive Bayes,0.9013452914798207,0.8686176698813879,0.9143676012461059,0.8854808590102707,0.0070459842681884766
Web Attack - XSS,Naive Bayes,0.9125560538116592,0.8805022831050229,0.9194920586976767,0.8962091331666537,0.006078243255615234
Web Attack - XSS,QDA,0.9618834080717489,0.9533858608181796,0.9553657595058869,0.95436790948211,0.004910469055175781
Web Attack - XSS,QDA,0.952914798206278,0.9479244345016157,0.9464414414414415,0.9471763664153136,0.005048274993896484
Web Attack - XSS,QDA,0.9461883408071748,0.9380096367679762,0.9380096367679762,0.9380096367679762,0.004970550537109375
Web Attack - XSS,QDA,0.9282511210762332,0.9010362574719011,0.9330591900311527,0.914657481821661,0.005090475082397461
Web Attack - XSS,QDA,0.9461883408071748,0.9225663194198379,0.9502630320420851,0.9348588120740019,0.003937482833862305
Web Attack - XSS,Random Forest,0.9730941704035875,0.9677185871453388,0.9677185871453388,0.9677185871453388,0.1610093116760254
Web Attack - XSS,Random Forest,0.9730941704035875,0.9713631416651551,0.9682207207207207,0.9697647617110705,0.16894268989562988
Web Attack - XSS,Random Forest,0.9730941704035875,0.9632882882882883,0.9765103780578206,0.9694520547945206,0.17057371139526367
Web Attack - XSS,Random Forest,0.9775784753363229,0.9722118380062306,0.9722118380062306,0.9722118380062306,0.14462542533874512
Web Attack - XSS,Random Forest,0.9798206278026906,0.9695115959119497,0.9810340053864934,0.9750514323361779,0.15398073196411133
Web Attack - XSS,ID3,0.9708520179372198,0.9659881255301103,0.96393070835746,0.964951307827622,0.005975961685180664
Web Attack - XSS,ID3,0.9775784753363229,0.9748873873873873,0.9748873873873873,0.9748873873873873,0.006002187728881836
Web Attack - XSS,ID3,0.9730941704035875,0.9632882882882883,0.9765103780578206,0.9694520547945206,0.007993459701538086
Web Attack - XSS,ID3,0.9753363228699552,0.9683779761904762,0.9706542056074766,0.9695073061886619,0.006940603256225586
Web Attack - XSS,ID3,0.9798206278026906,0.9695115959119497,0.9810340053864934,0.9750514323361779,0.0050737857818603516
Web Attack - XSS,AdaBoost,0.9798206278026906,0.9748132311609694,0.9768867014089944,0.9758418344317052,0.14648675918579102
Web Attack - XSS,AdaBoost,0.9820627802690582,0.9831506849315068,0.9766216216216216,0.9797750770905134,0.16536188125610352
Web Attack - XSS,AdaBoost,0.9730941704035875,0.9645610375476147,0.9746339881393625,0.9693435674189483,0.3115832805633545
Web Attack - XSS,AdaBoost,0.9820627802690582,0.9800649399682851,0.9753271028037382,0.9776597876177118,0.16053462028503418
Web Attack - XSS,AdaBoost,0.9730941704035875,0.9586574578940992,0.9763900425381963,0.9669735640411719,0.18147778511047363
Web Attack - XSS,Nearest Neighbors,0.9753363228699552,0.9659485507759904,0.9758975101331789,0.9707256529444408,0.02503180503845215
Web Attack - XSS,Nearest Neighbors,0.9775784753363229,0.9734604368063015,0.9765315315315315,0.9749691323380851,0.016962528228759766
Web Attack - XSS,Nearest Neighbors,0.9663677130044843,0.9620625508661784,0.960317828020756,0.9611829622795871,0.015060663223266602
Web Attack - XSS,Nearest Neighbors,0.9618834080717489,0.9465836711059641,0.9613084112149533,0.953540243267257,0.01597452163696289
Web Attack - XSS,Nearest Neighbors,0.9663677130044843,0.9469165085388995,0.9742631327242065,0.9591941298102435,0.015964508056640625
Web Attack - XSS,XGBoost,0.9753363228699552,0.9713922210105417,0.9693109438332368,0.97034341431568,0.10202217102050781
Web Attack - XSS,XGBoost,0.9820627802690582,0.9831506849315068,0.9766216216216216,0.9797750770905134,0.12129855155944824
Web Attack - XSS,XGBoost,0.9798206278026906,0.972845994585125,0.9814445885841364,0.9769663791767804,0.10135912895202637
Web Attack - XSS,XGBoost,0.9798206278026906,0.9739087301587301,0.9762118380062306,0.975051432336178,0.11403679847717285
Web Attack - XSS,XGBoost,0.9798206278026906,0.9695115959119497,0.9810340053864934,0.9750514323361779,0.10593986511230469
Web Attack - XSS,Ensemble,0.9730941704035875,0.9696932814021422,0.9655230650453581,0.9675754271174118,0.4750659465789795
Web Attack - XSS,Ensemble,0.9775784753363229,0.9764193723925267,0.9732432432432432,0.9748039680925586,0.44179368019104004
Web Attack - XSS,Ensemble,0.9798206278026906,0.972845994585125,0.9814445885841364,0.9769663791767804,0.569908857345581
Web Attack - XSS,Ensemble,0.9820627802690582,0.9777694704049844,0.9777694704049844,0.9777694704049844,0.42746543884277344
Web Attack - XSS,Ensemble,0.9820627802690582,0.9732431565176609,0.9825819930025925,0.9777694704049844,0.42248106002807617
Web Attack,Naive Bayes,0.7493074792243767,0.7596868816807324,0.8093256345009081,0.7411725094078035,0.021048545837402344
Web Attack,Naive Bayes,0.7423822714681441,0.7604484864644497,0.8032211987268167,0.7364860091833132,0.013002634048461914
Web Attack,Naive Bayes,0.7292243767313019,0.7530959752321982,0.7980448324778475,0.7232017186276667,0.012003898620605469
Web Attack,Naive Bayes,0.7423822714681441,0.7577160939942145,0.8104940292512126,0.7342899202228694,0.010986089706420898
Web Attack,Naive Bayes,0.7659279778393352,0.7746707333713867,0.8214844057540687,0.7589315525876461,0.010002851486206055
Web Attack,QDA,0.842797783933518,0.8207289383025368,0.8752928862147076,0.8302220919289351,0.009979009628295898
Web Attack,QDA,0.853185595567867,0.831529993339398,0.8795627087761919,0.8417609501124785,0.0210111141204834
Web Attack,QDA,0.8476454293628809,0.8248341686248413,0.8779933434301208,0.8351197779452462,0.012993335723876953
Web Attack,QDA,0.8455678670360111,0.8225571562793611,0.882620163786358,0.832523285937109,0.01800537109375
Web Attack,QDA,0.8462603878116344,0.8263794871794872,0.8758038937814219,0.8352055766324296,0.013994216918945312
Web Attack,Random Forest,0.9542936288088643,0.9367383508642819,0.9594253818686541,0.9468625107051098,0.5867021083831787
Web Attack,Random Forest,0.9646814404432132,0.9517674838530453,0.9682435244232996,0.9593487991600829,0.3899686336517334
Web Attack,Random Forest,0.9577562326869806,0.9435357016613644,0.9586088819749499,0.9505572441742655,0.3950378894805908
Web Attack,Random Forest,0.9646814404432132,0.9522591452372329,0.963891075338474,0.9578031075257543,0.38797903060913086
Web Attack,Random Forest,0.9605263157894737,0.9493578465869106,0.9596326663742394,0.9542456519527647,0.5079667568206787
Web Attack,ID3,0.9522160664819944,0.9342272391143591,0.9572781222300351,0.9444805710416997,0.03438925743103027
Web Attack,ID3,0.9619113573407202,0.9482813136169512,0.9656184274161802,0.9562109395460648,0.020134687423706055
Web Attack,ID3,0.953601108033241,0.939132572167551,0.9530008246471264,0.9456266329910129,0.017960071563720703
Web Attack,ID3,0.96398891966759,0.951678962816895,0.9627034268824171,0.9569469290399523,0.01600050926208496
Web Attack,ID3,0.9563711911357341,0.942365789290923,0.9584989483865889,0.949783810727161,0.020003318786621094
Web Attack,AdaBoost,0.9529085872576177,0.9329650210387692,0.9631037807802512,0.945767055496642,0.3413252830505371
Web Attack,AdaBoost,0.9570637119113573,0.9400160200909788,0.9658534939433816,0.9511611820643577,0.3169746398925781
Web Attack,AdaBoost,0.9542936288088643,0.936363538027194,0.9607573047516579,0.9471153846153846,0.32778215408325195
Web Attack,AdaBoost,0.96398891966759,0.9478072713325751,0.9689934360074579,0.9574519203526786,0.3524606227874756
Web Attack,AdaBoost,0.9563711911357341,0.9399040103846417,0.9634837084275287,0.9502365040613494,0.31990551948547363
Web Attack,Nearest Neighbors,0.9577562326869806,0.9445653725378247,0.9565612238120214,0.9502466935718461,0.05298185348510742
Web Attack,Nearest Neighbors,0.9577562326869806,0.9453945985708281,0.9576306643722374,0.9511506093418554,0.13090133666992188
Web Attack,Nearest Neighbors,0.9556786703601108,0.9452255478462572,0.9498632821869368,0.9474979491386384,0.14434385299682617
Web Attack,Nearest Neighbors,0.9660664819944599,0.9553748231966054,0.9634708126394587,0.9592938733125649,0.05899953842163086
Web Attack,Nearest Neighbors,0.9577562326869806,0.9461822660098522,0.9563844743620025,0.9510348205108535,0.06699943542480469
Web Attack,XGBoost,0.9632963988919667,0.9489446398815033,0.9665084756632456,0.9570415400202634,0.19244956970214844
Web Attack,XGBoost,0.9681440443213296,0.956253551731721,0.9713691219309197,0.9632704068655098,0.1960000991821289
Web Attack,XGBoost,0.9619113573407202,0.9513623659875805,0.9589355427480166,0.9550260460464881,0.2069997787475586
Web Attack,XGBoost,0.9709141274238227,0.9624880866260177,0.9675910124151639,0.9649898978237026,0.19500064849853516
Web Attack,XGBoost,0.9619113573407202,0.951364826619409,0.9606336673752405,0.9557983867691249,0.20287871360778809
Web Attack,Ensemble,0.9626038781163435,0.94795719094766,0.9660148922476484,0.956258035852524,1.1710200309753418
Web Attack,Ensemble,0.9667590027700831,0.9546815362205874,0.9697450259248012,0.9616734680335756,0.9433426856994629
Web Attack,Ensemble,0.9626038781163435,0.9505839531500948,0.9620708008671359,0.9560394458814323,0.9107193946838379
Web Attack,Ensemble,0.9688365650969529,0.9581558540847532,0.9675225165609045,0.9626673377123662,1.0772600173950195
Web Attack,Ensemble,0.9598337950138505,0.9483607367623316,0.9591321658737388,0.9534705941177124,0.9578731060028076
